ID,MatName,Description,ThumbnailUrl,IsDeleted,CreatedDate,CreatedByID,ModifiedDate,ModifiedByID
100001,[No Mat],No mat background,https://picsum.photos/seed/pprt-mat-sample-100001/300/300,0,10/1/2021,100001,,
100002,Black,,https://picsum.photos/seed/pprt-mat-sample-100002/300/300,0,10/1/2021,100001,,
100003,White,,https://picsum.photos/seed/pprt-mat-sample-100003/300/300,0,10/1/2021,100001,,
100004,Grey,,https://picsum.photos/seed/pprt-mat-sample-100004/300/300,0,10/1/2021,100001,,
100005,Yellow,,https://picsum.photos/seed/pprt-mat-sample-100005/300/300,0,10/1/2021,100001,,
100006,Red,,https://picsum.photos/seed/pprt-mat-sample-100006/300/300,0,10/1/2021,100001,,
100007,Burgundy ,,https://picsum.photos/seed/pprt-mat-sample-100007/300/300,0,10/1/2021,100001,,
100008,Orange,,https://picsum.photos/seed/pprt-mat-sample-100008/300/300,0,10/1/2021,100001,,
100009,Old Paper,,https://picsum.photos/seed/pprt-mat-sample-100009/300/300,0,10/1/2021,100001,,
100010,Canvas White,,https://picsum.photos/seed/pprt-mat-sample-100010/300/300,0,10/1/2021,100001,,
100011,Canvas Old,,https://picsum.photos/seed/pprt-mat-sample-100011/300/300,0,10/1/2021,100001,,